{"__meta":{"schema_version":3,"schema_name":"GBMModelV3","schema_type":"GBMModel"},"model_id":{"__meta":{"schema_version":3,"schema_name":"ModelKeyV3","schema_type":"Key<Model>"},"name":"GBM_model_python_1584560622772_1","type":"Key<Model>","URL":"/3/Models/GBM_model_python_1584560622772_1"},"algo":"gbm","algo_full_name":"Gradient Boosting Machine","response_column_name":"rating","data_frame":{"__meta":{"schema_version":3,"schema_name":"FrameKeyV3","schema_type":"Key<Frame>"},"name":"py_1_sid_8041","type":"Key<Frame>","URL":"/3/Frames/py_1_sid_8041"},"timestamp":1584560631866,"have_pojo":true,"have_mojo":true,"algo":"gbm","algo_full_name":"Gradient Boosting Machine","model_id":{"__meta":{"schema_version":3,"schema_name":"ModelKeyV3","schema_type":"Key<Model>"},"name":"GBM_model_python_1584560622772_1","type":"Key<Model>","URL":"/3/Models/GBM_model_python_1584560622772_1"},"parameters":[{"__meta":{"schema_version":3,"schema_name":"ModelParameterSchemaV3","schema_type":"Iced"},"name":"model_id","label":"model_id","help":"Destination id for this model; auto-generated if not specified.","required":false,"type":"Key<Model>","default_value":null,"actual_value":{"__meta":{"schema_version":3,"schema_name":"ModelKeyV3","schema_type":"Key<Model>"},"name":"GBM_model_python_1584560622772_1","type":"Key<Model>","URL":"/3/Models/GBM_model_python_1584560622772_1"},"level":"critical","values":[],"is_member_of_frames":[],"is_mutually_exclusive_with":[],"gridable":false},{"__meta":{"schema_version":3,"schema_name":"ModelParameterSchemaV3","schema_type":"Iced"},"name":"training_frame","label":"training_frame","help":"Id of the training data frame.","required":false,"type":"Key<Frame>","default_value":null,"actual_value":{"__meta":{"schema_version":3,"schema_name":"FrameKeyV3","schema_type":"Key<Frame>"},"name":"py_1_sid_8041","type":"Key<Frame>","URL":"/3/Frames/py_1_sid_8041"},"level":"critical","values":[],"is_member_of_frames":[],"is_mutually_exclusive_with":[],"gridable":false},{"__meta":{"schema_version":3,"schema_name":"ModelParameterSchemaV3","schema_type":"Iced"},"name":"validation_frame","label":"validation_frame","help":"Id of the validation data frame.","required":false,"type":"Key<Frame>","default_value":null,"actual_value":null,"level":"critical","values":[],"is_member_of_frames":[],"is_mutually_exclusive_with":[],"gridable":true},{"__meta":{"schema_version":3,"schema_name":"ModelParameterSchemaV3","schema_type":"Iced"},"name":"nfolds","label":"nfolds","help":"Number of folds for K-fold cross-validation (0 to disable or >= 2).","required":false,"type":"int","default_value":0,"actual_value":0,"level":"critical","values":[],"is_member_of_frames":[],"is_mutually_exclusive_with":[],"gridable":false},{"__meta":{"schema_version":3,"schema_name":"ModelParameterSchemaV3","schema_type":"Iced"},"name":"keep_cross_validation_models","label":"keep_cross_validation_models","help":"Whether to keep the cross-validation models.","required":false,"type":"boolean","default_value":true,"actual_value":true,"level":"expert","values":[],"is_member_of_frames":[],"is_mutually_exclusive_with":[],"gridable":false},{"__meta":{"schema_version":3,"schema_name":"ModelParameterSchemaV3","schema_type":"Iced"},"name":"keep_cross_validation_predictions","label":"keep_cross_validation_predictions","help":"Whether to keep the predictions of the cross-validation models.","required":false,"type":"boolean","default_value":false,"actual_value":false,"level":"expert","values":[],"is_member_of_frames":[],"is_mutually_exclusive_with":[],"gridable":false},{"__meta":{"schema_version":3,"schema_name":"ModelParameterSchemaV3","schema_type":"Iced"},"name":"keep_cross_validation_fold_assignment","label":"keep_cross_validation_fold_assignment","help":"Whether to keep the cross-validation fold assignment.","required":false,"type":"boolean","default_value":false,"actual_value":false,"level":"expert","values":[],"is_member_of_frames":[],"is_mutually_exclusive_with":[],"gridable":false},{"__meta":{"schema_version":3,"schema_name":"ModelParameterSchemaV3","schema_type":"Iced"},"name":"score_each_iteration","label":"score_each_iteration","help":"Whether to score during each iteration of model training.","required":false,"type":"boolean","default_value":false,"actual_value":false,"level":"secondary","values":[],"is_member_of_frames":[],"is_mutually_exclusive_with":[],"gridable":false},{"__meta":{"schema_version":3,"schema_name":"ModelParameterSchemaV3","schema_type":"Iced"},"name":"score_tree_interval","label":"score_tree_interval","help":"Score the model after every so many trees. Disabled if set to 0.","required":false,"type":"int","default_value":0,"actual_value":0,"level":"secondary","values":[],"is_member_of_frames":[],"is_mutually_exclusive_with":[],"gridable":false},{"__meta":{"schema_version":3,"schema_name":"ModelParameterSchemaV3","schema_type":"Iced"},"name":"fold_assignment","label":"fold_assignment","help":"Cross-validation fold assignment scheme, if fold_column is not specified. The 'Stratified' option will stratify the folds based on the response variable, for classification problems.","required":false,"type":"enum","default_value":"AUTO","actual_value":"AUTO","level":"secondary","values":["AUTO","Random","Modulo","Stratified"],"is_member_of_frames":[],"is_mutually_exclusive_with":[],"gridable":true},{"__meta":{"schema_version":3,"schema_name":"ModelParameterSchemaV3","schema_type":"Iced"},"name":"fold_column","label":"fold_column","help":"Column with cross-validation fold index assignment per observation.","required":false,"type":"VecSpecifier","default_value":null,"actual_value":null,"level":"secondary","values":[],"is_member_of_frames":["training_frame"],"is_mutually_exclusive_with":["response_column","weights_column","ignored_columns","offset_column"],"gridable":true},{"__meta":{"schema_version":3,"schema_name":"ModelParameterSchemaV3","schema_type":"Iced"},"name":"response_column","label":"response_column","help":"Response variable column.","required":false,"type":"VecSpecifier","default_value":null,"actual_value":{"__meta":{"schema_version":3,"schema_name":"ColSpecifierV3","schema_type":"VecSpecifier"},"column_name":"rating","is_member_of_frames":null},"level":"critical","values":[],"is_member_of_frames":["training_frame","validation_frame"],"is_mutually_exclusive_with":["weights_column","ignored_columns","offset_column","fold_column"],"gridable":true},{"__meta":{"schema_version":3,"schema_name":"ModelParameterSchemaV3","schema_type":"Iced"},"name":"ignored_columns","label":"ignored_columns","help":"Names of columns to ignore for training.","required":false,"type":"string[]","default_value":null,"actual_value":null,"level":"critical","values":[],"is_member_of_frames":["training_frame","validation_frame"],"is_mutually_exclusive_with":["response_column","weights_column","offset_column","fold_column"],"gridable":false},{"__meta":{"schema_version":3,"schema_name":"ModelParameterSchemaV3","schema_type":"Iced"},"name":"ignore_const_cols","label":"ignore_const_cols","help":"Ignore constant columns.","required":false,"type":"boolean","default_value":true,"actual_value":true,"level":"critical","values":[],"is_member_of_frames":[],"is_mutually_exclusive_with":[],"gridable":false},{"__meta":{"schema_version":3,"schema_name":"ModelParameterSchemaV3","schema_type":"Iced"},"name":"offset_column","label":"offset_column","help":"Offset column. This will be added to the combination of columns before applying the link function.","required":false,"type":"VecSpecifier","default_value":null,"actual_value":null,"level":"secondary","values":[],"is_member_of_frames":["training_frame","validation_frame"],"is_mutually_exclusive_with":["response_column","weights_column","ignored_columns","fold_column"],"gridable":true},{"__meta":{"schema_version":3,"schema_name":"ModelParameterSchemaV3","schema_type":"Iced"},"name":"weights_column","label":"weights_column","help":"Column with observation weights. Giving some observation a weight of zero is equivalent to excluding it from the dataset; giving an observation a relative weight of 2 is equivalent to repeating that row twice. Negative weights are not allowed. Note: Weights are per-row observation weights and do not increase the size of the data frame. This is typically the number of times a row is repeated, but non-integer values are supported as well. During training, rows with higher weights matter more, due to the larger loss function pre-factor.","required":false,"type":"VecSpecifier","default_value":null,"actual_value":null,"level":"secondary","values":[],"is_member_of_frames":["training_frame","validation_frame"],"is_mutually_exclusive_with":["response_column","ignored_columns","offset_column","fold_column"],"gridable":true},{"__meta":{"schema_version":3,"schema_name":"ModelParameterSchemaV3","schema_type":"Iced"},"name":"balance_classes","label":"balance_classes","help":"Balance training data class counts via over/under-sampling (for imbalanced data).","required":false,"type":"boolean","default_value":false,"actual_value":false,"level":"secondary","values":[],"is_member_of_frames":[],"is_mutually_exclusive_with":[],"gridable":true},{"__meta":{"schema_version":3,"schema_name":"ModelParameterSchemaV3","schema_type":"Iced"},"name":"class_sampling_factors","label":"class_sampling_factors","help":"Desired over/under-sampling ratios per class (in lexicographic order). If not specified, sampling factors will be automatically computed to obtain class balance during training. Requires balance_classes.","required":false,"type":"float[]","default_value":null,"actual_value":null,"level":"expert","values":[],"is_member_of_frames":[],"is_mutually_exclusive_with":[],"gridable":true},{"__meta":{"schema_version":3,"schema_name":"ModelParameterSchemaV3","schema_type":"Iced"},"name":"max_after_balance_size","label":"max_after_balance_size","help":"Maximum relative size of the training data after balancing class counts (can be less than 1.0). Requires balance_classes.","required":false,"type":"float","default_value":5.0,"actual_value":5.0,"level":"expert","values":[],"is_member_of_frames":[],"is_mutually_exclusive_with":[],"gridable":true},{"__meta":{"schema_version":3,"schema_name":"ModelParameterSchemaV3","schema_type":"Iced"},"name":"max_confusion_matrix_size","label":"max_confusion_matrix_size","help":"[Deprecated] Maximum size (# classes) for confusion matrices to be printed in the Logs","required":false,"type":"int","default_value":20,"actual_value":20,"level":"secondary","values":[],"is_member_of_frames":[],"is_mutually_exclusive_with":[],"gridable":false},{"__meta":{"schema_version":3,"schema_name":"ModelParameterSchemaV3","schema_type":"Iced"},"name":"max_hit_ratio_k","label":"max_hit_ratio_k","help":"Max. number (top K) of predictions to use for hit ratio computation (for multi-class only, 0 to disable)","required":false,"type":"int","default_value":0,"actual_value":0,"level":"secondary","values":[],"is_member_of_frames":[],"is_mutually_exclusive_with":[],"gridable":false},{"__meta":{"schema_version":3,"schema_name":"ModelParameterSchemaV3","schema_type":"Iced"},"name":"ntrees","label":"ntrees","help":"Number of trees.","required":false,"type":"int","default_value":50,"actual_value":50,"level":"critical","values":[],"is_member_of_frames":[],"is_mutually_exclusive_with":[],"gridable":true},{"__meta":{"schema_version":3,"schema_name":"ModelParameterSchemaV3","schema_type":"Iced"},"name":"max_depth","label":"max_depth","help":"Maximum tree depth.","required":false,"type":"int","default_value":5,"actual_value":5,"level":"critical","values":[],"is_member_of_frames":[],"is_mutually_exclusive_with":[],"gridable":true},{"__meta":{"schema_version":3,"schema_name":"ModelParameterSchemaV3","schema_type":"Iced"},"name":"min_rows","label":"min_rows","help":"Fewest allowed (weighted) observations in a leaf.","required":false,"type":"double","default_value":10.0,"actual_value":10.0,"level":"critical","values":[],"is_member_of_frames":[],"is_mutually_exclusive_with":[],"gridable":true},{"__meta":{"schema_version":3,"schema_name":"ModelParameterSchemaV3","schema_type":"Iced"},"name":"nbins","label":"nbins","help":"For numerical columns (real/int), build a histogram of (at least) this many bins, then split at the best point","required":false,"type":"int","default_value":20,"actual_value":20,"level":"critical","values":[],"is_member_of_frames":[],"is_mutually_exclusive_with":[],"gridable":true},{"__meta":{"schema_version":3,"schema_name":"ModelParameterSchemaV3","schema_type":"Iced"},"name":"nbins_top_level","label":"nbins_top_level","help":"For numerical columns (real/int), build a histogram of (at most) this many bins at the root level, then decrease by factor of two per level","required":false,"type":"int","default_value":1024,"actual_value":1024,"level":"secondary","values":[],"is_member_of_frames":[],"is_mutually_exclusive_with":[],"gridable":true},{"__meta":{"schema_version":3,"schema_name":"ModelParameterSchemaV3","schema_type":"Iced"},"name":"nbins_cats","label":"nbins_cats","help":"For categorical columns (factors), build a histogram of this many bins, then split at the best point. Higher values can lead to more overfitting.","required":false,"type":"int","default_value":1024,"actual_value":1024,"level":"secondary","values":[],"is_member_of_frames":[],"is_mutually_exclusive_with":[],"gridable":true},{"__meta":{"schema_version":3,"schema_name":"ModelParameterSchemaV3","schema_type":"Iced"},"name":"r2_stopping","label":"r2_stopping","help":"r2_stopping is no longer supported and will be ignored if set - please use stopping_rounds, stopping_metric and stopping_tolerance instead. Previous version of H2O would stop making trees when the R^2 metric equals or exceeds this","required":false,"type":"double","default_value":1.7976931348623157E308,"actual_value":1.7976931348623157E308,"level":"secondary","values":[],"is_member_of_frames":[],"is_mutually_exclusive_with":[],"gridable":true},{"__meta":{"schema_version":3,"schema_name":"ModelParameterSchemaV3","schema_type":"Iced"},"name":"stopping_rounds","label":"stopping_rounds","help":"Early stopping based on convergence of stopping_metric. Stop if simple moving average of length k of the stopping_metric does not improve for k:=stopping_rounds scoring events (0 to disable)","required":false,"type":"int","default_value":0,"actual_value":0,"level":"secondary","values":[],"is_member_of_frames":[],"is_mutually_exclusive_with":[],"gridable":true},{"__meta":{"schema_version":3,"schema_name":"ModelParameterSchemaV3","schema_type":"Iced"},"name":"stopping_metric","label":"stopping_metric","help":"Metric to use for early stopping (AUTO: logloss for classification, deviance for regression and anonomaly_score for Isolation Forest). Note that custom and custom_increasing can only be used in GBM and DRF with the Python client.","required":false,"type":"enum","default_value":"AUTO","actual_value":"AUTO","level":"secondary","values":["AUTO","deviance","logloss","MSE","RMSE","MAE","RMSLE","AUC","AUCPR","lift_top_group","misclassification","mean_per_class_error","anomaly_score","custom","custom_increasing"],"is_member_of_frames":[],"is_mutually_exclusive_with":[],"gridable":true},{"__meta":{"schema_version":3,"schema_name":"ModelParameterSchemaV3","schema_type":"Iced"},"name":"stopping_tolerance","label":"stopping_tolerance","help":"Relative tolerance for metric-based stopping criterion (stop if relative improvement is not at least this much)","required":false,"type":"double","default_value":0.001,"actual_value":0.001,"level":"secondary","values":[],"is_member_of_frames":[],"is_mutually_exclusive_with":[],"gridable":true},{"__meta":{"schema_version":3,"schema_name":"ModelParameterSchemaV3","schema_type":"Iced"},"name":"max_runtime_secs","label":"max_runtime_secs","help":"Maximum allowed runtime in seconds for model training. Use 0 to disable.","required":false,"type":"double","default_value":0.0,"actual_value":0.0,"level":"secondary","values":[],"is_member_of_frames":[],"is_mutually_exclusive_with":[],"gridable":true},{"__meta":{"schema_version":3,"schema_name":"ModelParameterSchemaV3","schema_type":"Iced"},"name":"seed","label":"seed","help":"Seed for pseudo random number generator (if applicable)","required":false,"type":"long","default_value":-1,"actual_value":4810971239183129127,"level":"critical","values":[],"is_member_of_frames":[],"is_mutually_exclusive_with":[],"gridable":true},{"__meta":{"schema_version":3,"schema_name":"ModelParameterSchemaV3","schema_type":"Iced"},"name":"build_tree_one_node","label":"build_tree_one_node","help":"Run on one node only; no network overhead but fewer cpus used. Suitable for small datasets.","required":false,"type":"boolean","default_value":false,"actual_value":false,"level":"expert","values":[],"is_member_of_frames":[],"is_mutually_exclusive_with":[],"gridable":false},{"__meta":{"schema_version":3,"schema_name":"ModelParameterSchemaV3","schema_type":"Iced"},"name":"learn_rate","label":"learn_rate","help":"Learning rate (from 0.0 to 1.0)","required":false,"type":"double","default_value":0.1,"actual_value":0.1,"level":"critical","values":[],"is_member_of_frames":[],"is_mutually_exclusive_with":[],"gridable":true},{"__meta":{"schema_version":3,"schema_name":"ModelParameterSchemaV3","schema_type":"Iced"},"name":"learn_rate_annealing","label":"learn_rate_annealing","help":"Scale the learning rate by this factor after each tree (e.g., 0.99 or 0.999) ","required":false,"type":"double","default_value":1.0,"actual_value":1.0,"level":"secondary","values":[],"is_member_of_frames":[],"is_mutually_exclusive_with":[],"gridable":true},{"__meta":{"schema_version":3,"schema_name":"ModelParameterSchemaV3","schema_type":"Iced"},"name":"distribution","label":"distribution","help":"Distribution function","required":false,"type":"enum","default_value":"AUTO","actual_value":"bernoulli","level":"secondary","values":["AUTO","bernoulli","quasibinomial","ordinal","multinomial","gaussian","poisson","gamma","tweedie","laplace","quantile","huber","custom"],"is_member_of_frames":[],"is_mutually_exclusive_with":[],"gridable":true},{"__meta":{"schema_version":3,"schema_name":"ModelParameterSchemaV3","schema_type":"Iced"},"name":"quantile_alpha","label":"quantile_alpha","help":"Desired quantile for Quantile regression, must be between 0 and 1.","required":false,"type":"double","default_value":0.5,"actual_value":0.5,"level":"secondary","values":[],"is_member_of_frames":[],"is_mutually_exclusive_with":[],"gridable":true},{"__meta":{"schema_version":3,"schema_name":"ModelParameterSchemaV3","schema_type":"Iced"},"name":"tweedie_power","label":"tweedie_power","help":"Tweedie power for Tweedie regression, must be between 1 and 2.","required":false,"type":"double","default_value":1.5,"actual_value":1.5,"level":"secondary","values":[],"is_member_of_frames":[],"is_mutually_exclusive_with":[],"gridable":true},{"__meta":{"schema_version":3,"schema_name":"ModelParameterSchemaV3","schema_type":"Iced"},"name":"huber_alpha","label":"huber_alpha","help":"Desired quantile for Huber/M-regression (threshold between quadratic and linear loss, must be between 0 and 1).","required":false,"type":"double","default_value":0.9,"actual_value":0.9,"level":"secondary","values":[],"is_member_of_frames":[],"is_mutually_exclusive_with":[],"gridable":true},{"__meta":{"schema_version":3,"schema_name":"ModelParameterSchemaV3","schema_type":"Iced"},"name":"checkpoint","label":"checkpoint","help":"Model checkpoint to resume training with.","required":false,"type":"Key<Model>","default_value":null,"actual_value":null,"level":"secondary","values":[],"is_member_of_frames":[],"is_mutually_exclusive_with":[],"gridable":false},{"__meta":{"schema_version":3,"schema_name":"ModelParameterSchemaV3","schema_type":"Iced"},"name":"sample_rate","label":"sample_rate","help":"Row sample rate per tree (from 0.0 to 1.0)","required":false,"type":"double","default_value":1.0,"actual_value":1.0,"level":"critical","values":[],"is_member_of_frames":[],"is_mutually_exclusive_with":[],"gridable":true},{"__meta":{"schema_version":3,"schema_name":"ModelParameterSchemaV3","schema_type":"Iced"},"name":"sample_rate_per_class","label":"sample_rate_per_class","help":"A list of row sample rates per class (relative fraction for each class, from 0.0 to 1.0), for each tree","required":false,"type":"double[]","default_value":null,"actual_value":null,"level":"expert","values":[],"is_member_of_frames":[],"is_mutually_exclusive_with":[],"gridable":true},{"__meta":{"schema_version":3,"schema_name":"ModelParameterSchemaV3","schema_type":"Iced"},"name":"col_sample_rate","label":"col_sample_rate","help":"Column sample rate (from 0.0 to 1.0)","required":false,"type":"double","default_value":1.0,"actual_value":1.0,"level":"critical","values":[],"is_member_of_frames":[],"is_mutually_exclusive_with":[],"gridable":true},{"__meta":{"schema_version":3,"schema_name":"ModelParameterSchemaV3","schema_type":"Iced"},"name":"col_sample_rate_change_per_level","label":"col_sample_rate_change_per_level","help":"Relative change of the column sampling rate for every level (must be > 0.0 and <= 2.0)","required":false,"type":"double","default_value":1.0,"actual_value":1.0,"level":"expert","values":[],"is_member_of_frames":[],"is_mutually_exclusive_with":[],"gridable":true},{"__meta":{"schema_version":3,"schema_name":"ModelParameterSchemaV3","schema_type":"Iced"},"name":"col_sample_rate_per_tree","label":"col_sample_rate_per_tree","help":"Column sample rate per tree (from 0.0 to 1.0)","required":false,"type":"double","default_value":1.0,"actual_value":1.0,"level":"secondary","values":[],"is_member_of_frames":[],"is_mutually_exclusive_with":[],"gridable":true},{"__meta":{"schema_version":3,"schema_name":"ModelParameterSchemaV3","schema_type":"Iced"},"name":"min_split_improvement","label":"min_split_improvement","help":"Minimum relative improvement in squared error reduction for a split to happen","required":false,"type":"double","default_value":1.0E-5,"actual_value":1.0E-5,"level":"secondary","values":[],"is_member_of_frames":[],"is_mutually_exclusive_with":[],"gridable":true},{"__meta":{"schema_version":3,"schema_name":"ModelParameterSchemaV3","schema_type":"Iced"},"name":"histogram_type","label":"histogram_type","help":"What type of histogram to use for finding optimal split points","required":false,"type":"enum","default_value":"AUTO","actual_value":"AUTO","level":"secondary","values":["AUTO","UniformAdaptive","Random","QuantilesGlobal","RoundRobin"],"is_member_of_frames":[],"is_mutually_exclusive_with":[],"gridable":true},{"__meta":{"schema_version":3,"schema_name":"ModelParameterSchemaV3","schema_type":"Iced"},"name":"max_abs_leafnode_pred","label":"max_abs_leafnode_pred","help":"Maximum absolute value of a leaf node prediction","required":false,"type":"double","default_value":1.7976931348623157E308,"actual_value":1.7976931348623157E308,"level":"expert","values":[],"is_member_of_frames":[],"is_mutually_exclusive_with":[],"gridable":true},{"__meta":{"schema_version":3,"schema_name":"ModelParameterSchemaV3","schema_type":"Iced"},"name":"pred_noise_bandwidth","label":"pred_noise_bandwidth","help":"Bandwidth (sigma) of Gaussian multiplicative noise ~N(1,sigma) for tree node predictions","required":false,"type":"double","default_value":0.0,"actual_value":0.0,"level":"expert","values":[],"is_member_of_frames":[],"is_mutually_exclusive_with":[],"gridable":true},{"__meta":{"schema_version":3,"schema_name":"ModelParameterSchemaV3","schema_type":"Iced"},"name":"categorical_encoding","label":"categorical_encoding","help":"Encoding scheme for categorical features","required":false,"type":"enum","default_value":"AUTO","actual_value":"AUTO","level":"secondary","values":["AUTO","Enum","OneHotInternal","OneHotExplicit","Binary","Eigen","LabelEncoder","SortByResponse","EnumLimited"],"is_member_of_frames":[],"is_mutually_exclusive_with":[],"gridable":true},{"__meta":{"schema_version":3,"schema_name":"ModelParameterSchemaV3","schema_type":"Iced"},"name":"calibrate_model","label":"calibrate_model","help":"Use Platt Scaling to calculate calibrated class probabilities. Calibration can provide more accurate estimates of class probabilities.","required":false,"type":"boolean","default_value":false,"actual_value":false,"level":"expert","values":[],"is_member_of_frames":[],"is_mutually_exclusive_with":[],"gridable":false},{"__meta":{"schema_version":3,"schema_name":"ModelParameterSchemaV3","schema_type":"Iced"},"name":"calibration_frame","label":"calibration_frame","help":"Calibration frame for Platt Scaling","required":false,"type":"Key<Frame>","default_value":null,"actual_value":null,"level":"expert","values":[],"is_member_of_frames":[],"is_mutually_exclusive_with":[],"gridable":false},{"__meta":{"schema_version":3,"schema_name":"ModelParameterSchemaV3","schema_type":"Iced"},"name":"custom_metric_func","label":"custom_metric_func","help":"Reference to custom evaluation function, format: `language:keyName=funcName`","required":false,"type":"string","default_value":null,"actual_value":null,"level":"secondary","values":[],"is_member_of_frames":[],"is_mutually_exclusive_with":[],"gridable":false},{"__meta":{"schema_version":3,"schema_name":"ModelParameterSchemaV3","schema_type":"Iced"},"name":"custom_distribution_func","label":"custom_distribution_func","help":"Reference to custom distribution, format: `language:keyName=funcName`","required":false,"type":"string","default_value":null,"actual_value":null,"level":"secondary","values":[],"is_member_of_frames":[],"is_mutually_exclusive_with":[],"gridable":false},{"__meta":{"schema_version":3,"schema_name":"ModelParameterSchemaV3","schema_type":"Iced"},"name":"export_checkpoints_dir","label":"export_checkpoints_dir","help":"Automatically export generated models to this directory.","required":false,"type":"string","default_value":null,"actual_value":null,"level":"secondary","values":[],"is_member_of_frames":[],"is_mutually_exclusive_with":[],"gridable":false},{"__meta":{"schema_version":3,"schema_name":"ModelParameterSchemaV3","schema_type":"Iced"},"name":"monotone_constraints","label":"monotone_constraints","help":"A mapping representing monotonic constraints. Use +1 to enforce an increasing constraint and -1 to specify a decreasing constraint.","required":false,"type":"KeyValue[]","default_value":null,"actual_value":null,"level":"secondary","values":[],"is_member_of_frames":[],"is_mutually_exclusive_with":[],"gridable":false},{"__meta":{"schema_version":3,"schema_name":"ModelParameterSchemaV3","schema_type":"Iced"},"name":"check_constant_response","label":"check_constant_response","help":"Check if response column is constant. If enabled, then an exception is thrown if the response column is a constant value.If disabled, then model will train regardless of the response column being a constant value or not.","required":false,"type":"boolean","default_value":true,"actual_value":true,"level":"expert","values":[],"is_member_of_frames":[],"is_mutually_exclusive_with":[],"gridable":false}],"output":{"__meta":{"schema_version":3,"schema_name":"GBMModelOutputV3","schema_type":"GBMOutput"},"names":["mfr","calories","protein","rating"],"original_names":null,"column_types":["Enum","Numeric","Numeric","Enum"],"domains":[["A","G","K","N","P","Q","R"],null,null,["0","1"]],"cross_validation_models":null,"cross_validation_predictions":null,"cross_validation_holdout_predictions_frame_id":null,"cross_validation_fold_assignment_frame_id":null,"model_category":"Binomial","model_summary":{"__meta":{"schema_version":3,"schema_name":"TwoDimTableV3","schema_type":"TwoDimTable"},"name":"Model Summary","description":"","columns":[{"__meta":{"schema_version":-1,"schema_name":"ColumnSpecsBase","schema_type":"Iced"},"name":"","type":"string","format":"%s","description":""},{"__meta":{"schema_version":-1,"schema_name":"ColumnSpecsBase","schema_type":"Iced"},"name":"number_of_trees","type":"long","format":"%d","description":"Number of Trees"},{"__meta":{"schema_version":-1,"schema_name":"ColumnSpecsBase","schema_type":"Iced"},"name":"number_of_internal_trees","type":"long","format":"%d","description":"Number of Internal Trees"},{"__meta":{"schema_version":-1,"schema_name":"ColumnSpecsBase","schema_type":"Iced"},"name":"model_size_in_bytes","type":"long","format":"%d","description":"Model Size in Bytes"},{"__meta":{"schema_version":-1,"schema_name":"ColumnSpecsBase","schema_type":"Iced"},"name":"min_depth","type":"long","format":"%d","description":"Min. Depth"},{"__meta":{"schema_version":-1,"schema_name":"ColumnSpecsBase","schema_type":"Iced"},"name":"max_depth","type":"long","format":"%d","description":"Max. Depth"},{"__meta":{"schema_version":-1,"schema_name":"ColumnSpecsBase","schema_type":"Iced"},"name":"mean_depth","type":"double","format":"%.5f","description":"Mean Depth"},{"__meta":{"schema_version":-1,"schema_name":"ColumnSpecsBase","schema_type":"Iced"},"name":"min_leaves","type":"long","format":"%d","description":"Min. Leaves"},{"__meta":{"schema_version":-1,"schema_name":"ColumnSpecsBase","schema_type":"Iced"},"name":"max_leaves","type":"long","format":"%d","description":"Max. Leaves"},{"__meta":{"schema_version":-1,"schema_name":"ColumnSpecsBase","schema_type":"Iced"},"name":"mean_leaves","type":"double","format":"%.5f","description":"Mean Leaves"}],"rowcount":1,"data":[[""],[50],[50],[6214],[3],[5],[3.48],[4],[6],[5.26]]},"scoring_history":{"__meta":{"schema_version":3,"schema_name":"TwoDimTableV3","schema_type":"TwoDimTable"},"name":"Scoring History","description":"","columns":[{"__meta":{"schema_version":-1,"schema_name":"ColumnSpecsBase","schema_type":"Iced"},"name":"","type":"string","format":"%s","description":""},{"__meta":{"schema_version":-1,"schema_name":"ColumnSpecsBase","schema_type":"Iced"},"name":"timestamp","type":"string","format":"%s","description":"Timestamp"},{"__meta":{"schema_version":-1,"schema_name":"ColumnSpecsBase","schema_type":"Iced"},"name":"duration","type":"string","format":"%s","description":"Duration"},{"__meta":{"schema_version":-1,"schema_name":"ColumnSpecsBase","schema_type":"Iced"},"name":"number_of_trees","type":"long","format":"%d","description":"Number of Trees"},{"__meta":{"schema_version":-1,"schema_name":"ColumnSpecsBase","schema_type":"Iced"},"name":"training_rmse","type":"double","format":"%.5f","description":"Training RMSE"},{"__meta":{"schema_version":-1,"schema_name":"ColumnSpecsBase","schema_type":"Iced"},"name":"training_logloss","type":"double","format":"%.5f","description":"Training LogLoss"},{"__meta":{"schema_version":-1,"schema_name":"ColumnSpecsBase","schema_type":"Iced"},"name":"training_auc","type":"double","format":"%.5f","description":"Training AUC"},{"__meta":{"schema_version":-1,"schema_name":"ColumnSpecsBase","schema_type":"Iced"},"name":"training_pr_auc","type":"double","format":"%.5f","description":"Training pr_auc"},{"__meta":{"schema_version":-1,"schema_name":"ColumnSpecsBase","schema_type":"Iced"},"name":"training_lift","type":"double","format":"%.5f","description":"Training Lift"},{"__meta":{"schema_version":-1,"schema_name":"ColumnSpecsBase","schema_type":"Iced"},"name":"training_classification_error","type":"double","format":"%.5f","description":"Training Classification Error"}],"rowcount":51,"data":[["","","","","","","","","","","","","","","","","","","","","","","","","","","","","","","","","","","","","","","","","","","","","","","","","","",""],["2020-03-18 16:43:51","2020-03-18 16:43:51","2020-03-18 16:43:51","2020-03-18 16:43:51","2020-03-18 16:43:51","2020-03-18 16:43:51","2020-03-18 16:43:51","2020-03-18 16:43:51","2020-03-18 16:43:51","2020-03-18 16:43:51","2020-03-18 16:43:51","2020-03-18 16:43:51","2020-03-18 16:43:51","2020-03-18 16:43:51","2020-03-18 16:43:51","2020-03-18 16:43:51","2020-03-18 16:43:51","2020-03-18 16:43:51","2020-03-18 16:43:51","2020-03-18 16:43:51","2020-03-18 16:43:51","2020-03-18 16:43:51","2020-03-18 16:43:51","2020-03-18 16:43:51","2020-03-18 16:43:51","2020-03-18 16:43:51","2020-03-18 16:43:51","2020-03-18 16:43:51","2020-03-18 16:43:51","2020-03-18 16:43:51","2020-03-18 16:43:51","2020-03-18 16:43:51","2020-03-18 16:43:51","2020-03-18 16:43:51","2020-03-18 16:43:51","2020-03-18 16:43:51","2020-03-18 16:43:51","2020-03-18 16:43:51","2020-03-18 16:43:51","2020-03-18 16:43:51","2020-03-18 16:43:51","2020-03-18 16:43:51","2020-03-18 16:43:51","2020-03-18 16:43:51","2020-03-18 16:43:51","2020-03-18 16:43:51","2020-03-18 16:43:51","2020-03-18 16:43:51","2020-03-18 16:43:51","2020-03-18 16:43:51","2020-03-18 16:43:51"],[" 0.021 sec"," 0.156 sec"," 0.172 sec"," 0.183 sec"," 0.194 sec"," 0.204 sec"," 0.221 sec"," 0.238 sec"," 0.251 sec"," 0.265 sec"," 0.273 sec"," 0.282 sec"," 0.290 sec"," 0.298 sec"," 0.310 sec"," 0.320 sec"," 0.331 sec"," 0.341 sec"," 0.352 sec"," 0.366 sec"," 0.383 sec"," 0.394 sec"," 0.407 sec"," 0.423 sec"," 0.438 sec"," 0.451 sec"," 0.459 sec"," 0.472 sec"," 0.480 sec"," 0.491 sec"," 0.502 sec"," 0.509 sec"," 0.520 sec"," 0.528 sec"," 0.537 sec"," 0.545 sec"," 0.556 sec"," 0.566 sec"," 0.573 sec"," 0.581 sec"," 0.603 sec"," 0.611 sec"," 0.623 sec"," 0.633 sec"," 0.639 sec"," 0.653 sec"," 0.659 sec"," 0.671 sec"," 0.679 sec"," 0.688 sec"," 0.698 sec"],[0,1,2,3,4,5,6,7,8,9,10,11,12,13,14,15,16,17,18,19,20,21,22,23,24,25,26,27,28,29,30,31,32,33,34,35,36,37,38,39,40,41,42,43,44,45,46,47,48,49,50],[0.3746027299183362,0.35764506212239744,0.34411725964259415,0.3330939691182222,0.32317638584498715,0.3150176847483576,0.3087241163939136,0.30355413313264284,0.29863518771371156,0.294999241504781,0.2913305504835468,0.28240996514492617,0.27230824976127865,0.26369071624918206,0.26160341943849447,0.2544448215116902,0.25227471506414423,0.24741128445097363,0.2415763447962005,0.2366382066667814,0.23574084986307056,0.23151327673725242,0.22991888375380615,0.22641936747086172,0.22567714223321084,0.22427864369933204,0.22039027408711667,0.2198155125723718,0.2169264353981772,0.21437746256220094,0.2112756446556656,0.2089936217020449,0.20615668880953683,0.2056627816156805,0.20357787196046795,0.20123898334398876,0.20076504561414343,0.19914514348892193,0.19719170032305386,0.19672572637176233,0.19506691827972478,0.19383942815665406,0.19242452646490427,0.19012337609754285,0.18970062244107894,0.18875206050613635,0.18745880712478927,0.18703833681208154,0.1862502651705346,0.1851293792982411,0.1831893445954961],[0.4540280324768139,0.4132816148667956,0.38520509374119444,0.3641235024387474,0.3453662055303125,0.3304217044157784,0.3189063458070497,0.3094029497601057,0.3000030380368457,0.29279363767269184,0.28533192396121115,0.27225698546794735,0.25807794053689465,0.24622586517529432,0.24148199445182095,0.23186984423473833,0.22718732065452663,0.21988680215523296,0.212224609077962,0.2057081883160012,0.20333102741068504,0.19779800132113326,0.1942506735217514,0.18979856970560383,0.18789151722187458,0.1847198885479689,0.17948811725301567,0.1779497321866239,0.17426799119304684,0.17047182171480973,0.16632097144499022,0.16308174431676364,0.1592713593713712,0.1580214924243727,0.15429270879325074,0.15110273844888966,0.15001518744127113,0.14688606951479563,0.1441792667995409,0.14321856518797765,0.14087767628234188,0.13830752875819202,0.13622415639517135,0.13372552400617047,0.1329331067193181,0.13075513953188048,0.12888675891776852,0.12817075310934314,0.12625931185984185,0.12462075090688744,0.12264232796620485],[0.5,0.9104567307692307,0.9104567307692307,0.9170673076923077,0.9260817307692307,0.9356971153846154,0.9296875,0.9296875,0.9356971153846154,0.9356971153846154,0.9375,0.9537259615384616,0.9591346153846154,0.9651442307692307,0.9651442307692307,0.9651442307692307,0.9651442307692307,0.9651442307692307,0.9651442307692307,0.9651442307692307,0.9651442307692307,0.9699519230769231,0.9723557692307693,0.9723557692307693,0.9723557692307693,0.9723557692307693,0.9723557692307693,0.9723557692307693,0.9723557692307693,0.9759615384615384,0.9783653846153846,0.9783653846153846,0.9795673076923077,0.9795673076923077,0.9795673076923077,0.9795673076923077,0.9795673076923077,0.9795673076923077,0.9795673076923077,0.9795673076923077,0.9831730769230769,0.984375,0.984375,0.9891826923076923,0.9891826923076923,0.9891826923076923,0.9891826923076923,0.9891826923076923,0.9891826923076923,0.9891826923076923,0.9891826923076923],[0.0,0.43490437836764295,0.43490437836764295,0.6867328358144515,0.938566887318134,0.9720170050854318,0.9704346861410782,0.9704346861410782,0.9720170050854318,0.9720170050854318,0.9724154482371077,0.9749950383647972,0.9758544730477612,0.9772800917707654,0.9772800917707654,0.9772800917707654,0.9772800917707654,0.9772800917707654,0.9772800917707654,0.9772800917707654,0.9772800917707654,0.9781398245569748,0.9787080063751565,0.9787080063751565,0.9787080063751565,0.9787080063751565,0.9787080063751565,0.9787080063751565,0.9787080063751565,0.9794828294427534,0.9799446045021937,0.9799446045021937,0.9801944860683843,0.9801944860683843,0.9801944860683843,0.9801944860683843,0.9801944860683843,0.9801944860683843,0.9801944860683843,0.9801944860683843,0.9810100014192615,0.9812725526487698,0.9812725526487698,0.982207303645706,0.982207303645706,0.982207303645706,0.982207303645706,0.982207303645706,0.982207303645706,0.982207303645706,0.982207303645706],[1.0,1.203125,1.203125,1.203125,1.203125,1.203125,1.203125,1.203125,1.203125,1.203125,1.203125,1.203125,1.203125,1.203125,1.203125,1.203125,1.203125,1.203125,1.203125,1.203125,1.203125,1.203125,1.203125,1.203125,1.203125,1.203125,1.203125,1.203125,1.203125,1.203125,1.203125,1.203125,1.203125,1.203125,1.203125,1.203125,1.203125,1.203125,1.203125,1.203125,1.203125,1.203125,1.203125,1.203125,1.203125,1.203125,1.203125,1.203125,1.203125,1.203125,1.203125],[0.16883116883116883,0.1038961038961039,0.1038961038961039,0.1038961038961039,0.1038961038961039,0.1038961038961039,0.1038961038961039,0.1038961038961039,0.1038961038961039,0.1038961038961039,0.1038961038961039,0.06493506493506493,0.05194805194805195,0.05194805194805195,0.05194805194805195,0.05194805194805195,0.05194805194805195,0.05194805194805195,0.05194805194805195,0.05194805194805195,0.05194805194805195,0.05194805194805195,0.05194805194805195,0.05194805194805195,0.05194805194805195,0.05194805194805195,0.05194805194805195,0.05194805194805195,0.05194805194805195,0.05194805194805195,0.05194805194805195,0.05194805194805195,0.05194805194805195,0.05194805194805195,0.05194805194805195,0.05194805194805195,0.05194805194805195,0.05194805194805195,0.05194805194805195,0.05194805194805195,0.05194805194805195,0.05194805194805195,0.05194805194805195,0.03896103896103896,0.03896103896103896,0.03896103896103896,0.03896103896103896,0.03896103896103896,0.03896103896103896,0.03896103896103896,0.03896103896103896]]},"training_metrics":{"__meta":{"schema_version":3,"schema_name":"ModelMetricsBinomialV3","schema_type":"ModelMetricsBinomial"},"model":{"__meta":{"schema_version":3,"schema_name":"ModelKeyV3","schema_type":"Key<Model>"},"name":"GBM_model_python_1584560622772_1","type":"Key<Model>","URL":"/3/Models/GBM_model_python_1584560622772_1"},"model_checksum":1349904096971356576,"frame":{"__meta":{"schema_version":3,"schema_name":"FrameKeyV3","schema_type":"Key<Frame>"},"name":"py_1_sid_8041","type":"Key<Frame>","URL":"/3/Frames/py_1_sid_8041"},"frame_checksum":-196384132636776090,"description":null,"model_category":"Binomial","scoring_time":1584560631850,"predictions":null,"MSE":0.03355833597332742,"RMSE":0.1831893445954961,"nobs":77,"custom_metric_name":null,"custom_metric_value":0.0,"r2":0.7608565216516128,"logloss":0.12264232796620485,"AUC":0.9891826923076923,"pr_auc":0.982207303645706,"Gini":0.9783653846153846,"mean_per_class_error":0.11538461538461539,"domain":["0","1"],"cm":{"__meta":{"schema_version":3,"schema_name":"ConfusionMatrixV3","schema_type":"ConfusionMatrix"},"table":{"__meta":{"schema_version":3,"schema_name":"TwoDimTableV3","schema_type":"TwoDimTable"},"name":"Confusion Matrix","description":"Row labels: Actual class; Column labels: Predicted class","columns":[{"__meta":{"schema_version":-1,"schema_name":"ColumnSpecsBase","schema_type":"Iced"},"name":"0","type":"long","format":"%d","description":"0"},{"__meta":{"schema_version":-1,"schema_name":"ColumnSpecsBase","schema_type":"Iced"},"name":"1","type":"long","format":"%d","description":"1"},{"__meta":{"schema_version":-1,"schema_name":"ColumnSpecsBase","schema_type":"Iced"},"name":"Error","type":"double","format":"%.4f","description":"Error"},{"__meta":{"schema_version":-1,"schema_name":"ColumnSpecsBase","schema_type":"Iced"},"name":"Rate","type":"string","format":"= %6s","description":"Rate"}],"rowcount":3,"data":[[10,0,10],[3,64,67],[0.23076923076923078,0.0,0.03896103896103896],["3 / 13","0 / 64","3 / 77"]]}},"thresholds_and_metric_scores":{"__meta":{"schema_version":3,"schema_name":"TwoDimTableV3","schema_type":"TwoDimTable"},"name":"Metrics for Thresholds","description":"Binomial metrics as a function of classification thresholds","columns":[{"__meta":{"schema_version":-1,"schema_name":"ColumnSpecsBase","schema_type":"Iced"},"name":"threshold","type":"double","format":"%f","description":"Threshold"},{"__meta":{"schema_version":-1,"schema_name":"ColumnSpecsBase","schema_type":"Iced"},"name":"f1","type":"double","format":"%f","description":"f1"},{"__meta":{"schema_version":-1,"schema_name":"ColumnSpecsBase","schema_type":"Iced"},"name":"f2","type":"double","format":"%f","description":"f2"},{"__meta":{"schema_version":-1,"schema_name":"ColumnSpecsBase","schema_type":"Iced"},"name":"f0point5","type":"double","format":"%f","description":"f0point5"},{"__meta":{"schema_version":-1,"schema_name":"ColumnSpecsBase","schema_type":"Iced"},"name":"accuracy","type":"double","format":"%f","description":"accuracy"},{"__meta":{"schema_version":-1,"schema_name":"ColumnSpecsBase","schema_type":"Iced"},"name":"precision","type":"double","format":"%f","description":"precision"},{"__meta":{"schema_version":-1,"schema_name":"ColumnSpecsBase","schema_type":"Iced"},"name":"recall","type":"double","format":"%f","description":"recall"},{"__meta":{"schema_version":-1,"schema_name":"ColumnSpecsBase","schema_type":"Iced"},"name":"specificity","type":"double","format":"%f","description":"specificity"},{"__meta":{"schema_version":-1,"schema_name":"ColumnSpecsBase","schema_type":"Iced"},"name":"absolute_mcc","type":"double","format":"%f","description":"absolute_mcc"},{"__meta":{"schema_version":-1,"schema_name":"ColumnSpecsBase","schema_type":"Iced"},"name":"min_per_class_accuracy","type":"double","format":"%f","description":"min_per_class_accuracy"},{"__meta":{"schema_version":-1,"schema_name":"ColumnSpecsBase","schema_type":"Iced"},"name":"mean_per_class_accuracy","type":"double","format":"%f","description":"mean_per_class_accuracy"},{"__meta":{"schema_version":-1,"schema_name":"ColumnSpecsBase","schema_type":"Iced"},"name":"tns","type":"long","format":"%d","description":"tns"},{"__meta":{"schema_version":-1,"schema_name":"ColumnSpecsBase","schema_type":"Iced"},"name":"fns","type":"long","format":"%d","description":"fns"},{"__meta":{"schema_version":-1,"schema_name":"ColumnSpecsBase","schema_type":"Iced"},"name":"fps","type":"long","format":"%d","description":"fps"},{"__meta":{"schema_version":-1,"schema_name":"ColumnSpecsBase","schema_type":"Iced"},"name":"tps","type":"long","format":"%d","description":"tps"},{"__meta":{"schema_version":-1,"schema_name":"ColumnSpecsBase","schema_type":"Iced"},"name":"tnr","type":"double","format":"%f","description":"tnr"},{"__meta":{"schema_version":-1,"schema_name":"ColumnSpecsBase","schema_type":"Iced"},"name":"fnr","type":"double","format":"%f","description":"fnr"},{"__meta":{"schema_version":-1,"schema_name":"ColumnSpecsBase","schema_type":"Iced"},"name":"fpr","type":"double","format":"%f","description":"fpr"},{"__meta":{"schema_version":-1,"schema_name":"ColumnSpecsBase","schema_type":"Iced"},"name":"tpr","type":"double","format":"%f","description":"tpr"},{"__meta":{"schema_version":-1,"schema_name":"ColumnSpecsBase","schema_type":"Iced"},"name":"idx","type":"int","format":"%d","description":"idx"}],"rowcount":35,"data":[[0.9991312954668227,0.9991310504208097,0.9989063773876782,0.9989060689657625,0.9987940686601676,0.9987256233372601,0.9987251589775411,0.9986874130285577,0.9979984305893301,0.9979978666227549,0.9973134740159509,0.9973128070293853,0.9970160761418423,0.9970152362127397,0.9969981511534278,0.9959600982411773,0.9955752468853031,0.995139947256597,0.9908121420498245,0.982460213543382,0.97841885144042,0.9542542314682612,0.9524165796913837,0.9511501536726819,0.938433612979598,0.9283687614485836,0.9133686304506062,0.8682163415164812,0.8529236362105834,0.7855810921847604,0.6249716711385335,0.5292323565048103,0.11341773864110781,0.1123815177144993,0.09692964124640892],[0.03076923076923077,0.06060606060606061,0.14492753623188406,0.19718309859154928,0.2465753424657534,0.3157894736842105,0.33766233766233766,0.358974358974359,0.379746835443038,0.4,0.41975308641975306,0.43902439024390244,0.49411764705882355,0.5116279069767442,0.5287356321839081,0.5617977528089888,0.5934065934065934,0.6086956521739131,0.6938775510204082,0.7070707070707071,0.7450980392156863,0.780952380952381,0.8148148148148148,0.8363636363636363,0.8869565217391304,0.905982905982906,0.9152542372881356,0.9243697478991597,0.9508196721311475,0.96,0.9770992366412213,0.9696969696969697,0.927536231884058,0.9142857142857143,0.9078014184397163],[0.019455252918287938,0.03875968992248062,0.09578544061302682,0.13307984790874525,0.16981132075471697,0.22388059701492538,0.241635687732342,0.25925925925925924,0.2767527675276753,0.29411764705882354,0.31135531135531136,0.3284671532846715,0.37906137184115524,0.39568345323741005,0.4121863799283154,0.44483985765124556,0.47703180212014135,0.49295774647887325,0.5862068965517241,0.6013745704467354,0.6462585034013606,0.6902356902356902,0.7333333333333333,0.7615894039735099,0.8306188925081434,0.8576051779935275,0.8709677419354839,0.8842443729903537,0.9235668789808917,0.9463722397476341,0.9907120743034054,0.9876543209876544,0.9696969696969697,0.963855421686747,0.9609609609609611],[0.07352941176470588,0.1388888888888889,0.2976190476190476,0.3804347826086957,0.45,0.5357142857142857,0.5603448275862069,0.5833333333333334,0.6048387096774194,0.625,0.6439393939393939,0.6617647058823529,0.7094594594594594,0.7236842105263158,0.7371794871794872,0.7621951219512195,0.7848837209302325,0.7954545454545454,0.85,0.8578431372549019,0.8796296296296297,0.8991228070175439,0.9166666666666666,0.9274193548387096,0.9514925373134329,0.9601449275362319,0.9642857142857143,0.9683098591549296,0.9797297297297297,0.974025974025974,0.9638554216867469,0.9523809523809523,0.888888888888889,0.8695652173913043,0.8602150537634409],[0.18181818181818182,0.19480519480519481,0.23376623376623376,0.2597402597402597,0.2857142857142857,0.3246753246753247,0.33766233766233766,0.35064935064935066,0.36363636363636365,0.37662337662337664,0.38961038961038963,0.4025974025974026,0.44155844155844154,0.45454545454545453,0.4675324675324675,0.4935064935064935,0.5194805194805194,0.5324675324675324,0.6103896103896104,0.6233766233766234,0.6623376623376623,0.7012987012987013,0.7402597402597403,0.7662337662337663,0.8311688311688312,0.8571428571428571,0.8701298701298701,0.8831168831168831,0.922077922077922,0.935064935064935,0.961038961038961,0.948051948051948,0.8701298701298701,0.8441558441558441,0.8311688311688312],[1.0,1.0,1.0,1.0,1.0,1.0,1.0,1.0,1.0,1.0,1.0,1.0,1.0,1.0,1.0,1.0,1.0,1.0,1.0,1.0,1.0,1.0,1.0,1.0,1.0,1.0,1.0,1.0,1.0,0.9836065573770492,0.9552238805970149,0.9411764705882353,0.8648648648648649,0.8421052631578947,0.8311688311688312],[0.015625,0.03125,0.078125,0.109375,0.140625,0.1875,0.203125,0.21875,0.234375,0.25,0.265625,0.28125,0.328125,0.34375,0.359375,0.390625,0.421875,0.4375,0.53125,0.546875,0.59375,0.640625,0.6875,0.71875,0.796875,0.828125,0.84375,0.859375,0.90625,0.9375,1.0,1.0,1.0,1.0,1.0],[1.0,1.0,1.0,1.0,1.0,1.0,1.0,1.0,1.0,1.0,1.0,1.0,1.0,1.0,1.0,1.0,1.0,1.0,1.0,1.0,1.0,1.0,1.0,1.0,1.0,1.0,1.0,1.0,1.0,0.9230769230769231,0.7692307692307693,0.6923076923076923,0.23076923076923078,0.07692307692307693,0.0],[0.05169813699178194,0.07359800721939873,0.11876827344782687,0.14252192813739226,0.16396399353660115,0.19364916731037085,0.203125,0.21245914639969937,0.22168253237747515,0.23082176787424138,0.23990015284141303,0.24893842407923059,0.27599252707274524,0.28504385627478446,0.2941363692298246,0.3125,0.33119103248729426,0.34069257193462343,0.40076235491408,0.4114253678777396,0.44487826050130463,0.4809748491922999,0.5204164998665332,0.5490093717984973,0.63121905864763,0.6697519752366045,0.6905810408004578,0.7126096406869612,0.787442562650562,0.7945595471055616,0.8571975270958511,0.807207352795575,0.44674847462996403,0.2545139051903111,0.0],[0.015625,0.03125,0.078125,0.109375,0.140625,0.1875,0.203125,0.21875,0.234375,0.25,0.265625,0.28125,0.328125,0.34375,0.359375,0.390625,0.421875,0.4375,0.53125,0.546875,0.59375,0.640625,0.6875,0.71875,0.796875,0.828125,0.84375,0.859375,0.90625,0.9230769230769231,0.7692307692307693,0.6923076923076923,0.23076923076923078,0.07692307692307693,0.0],[0.5078125,0.515625,0.5390625,0.5546875,0.5703125,0.59375,0.6015625,0.609375,0.6171875,0.625,0.6328125,0.640625,0.6640625,0.671875,0.6796875,0.6953125,0.7109375,0.71875,0.765625,0.7734375,0.796875,0.8203125,0.84375,0.859375,0.8984375,0.9140625,0.921875,0.9296875,0.953125,0.9302884615384616,0.8846153846153846,0.8461538461538461,0.6153846153846154,0.5384615384615384,0.5],[13,13,13,13,13,13,13,13,13,13,13,13,13,13,13,13,13,13,13,13,13,13,13,13,13,13,13,13,13,12,10,9,3,1,0],[63,62,59,57,55,52,51,50,49,48,47,46,43,42,41,39,37,36,30,29,26,23,20,18,13,11,10,9,6,4,0,0,0,0,0],[0,0,0,0,0,0,0,0,0,0,0,0,0,0,0,0,0,0,0,0,0,0,0,0,0,0,0,0,0,1,3,4,10,12,13],[1,2,5,7,9,12,13,14,15,16,17,18,21,22,23,25,27,28,34,35,38,41,44,46,51,53,54,55,58,60,64,64,64,64,64],[1.0,1.0,1.0,1.0,1.0,1.0,1.0,1.0,1.0,1.0,1.0,1.0,1.0,1.0,1.0,1.0,1.0,1.0,1.0,1.0,1.0,1.0,1.0,1.0,1.0,1.0,1.0,1.0,1.0,0.9230769230769231,0.7692307692307693,0.6923076923076923,0.23076923076923078,0.07692307692307693,0.0],[0.984375,0.96875,0.921875,0.890625,0.859375,0.8125,0.796875,0.78125,0.765625,0.75,0.734375,0.71875,0.671875,0.65625,0.640625,0.609375,0.578125,0.5625,0.46875,0.453125,0.40625,0.359375,0.3125,0.28125,0.203125,0.171875,0.15625,0.140625,0.09375,0.0625,0.0,0.0,0.0,0.0,0.0],[0.0,0.0,0.0,0.0,0.0,0.0,0.0,0.0,0.0,0.0,0.0,0.0,0.0,0.0,0.0,0.0,0.0,0.0,0.0,0.0,0.0,0.0,0.0,0.0,0.0,0.0,0.0,0.0,0.0,0.07692307692307693,0.23076923076923078,0.3076923076923077,0.7692307692307693,0.9230769230769231,1.0],[0.015625,0.03125,0.078125,0.109375,0.140625,0.1875,0.203125,0.21875,0.234375,0.25,0.265625,0.28125,0.328125,0.34375,0.359375,0.390625,0.421875,0.4375,0.53125,0.546875,0.59375,0.640625,0.6875,0.71875,0.796875,0.828125,0.84375,0.859375,0.90625,0.9375,1.0,1.0,1.0,1.0,1.0],[0,1,2,3,4,5,6,7,8,9,10,11,12,13,14,15,16,17,18,19,20,21,22,23,24,25,26,27,28,29,30,31,32,33,34]]},"max_criteria_and_metric_scores":{"__meta":{"schema_version":3,"schema_name":"TwoDimTableV3","schema_type":"TwoDimTable"},"name":"Maximum Metrics","description":"Maximum metrics at their respective thresholds","columns":[{"__meta":{"schema_version":-1,"schema_name":"ColumnSpecsBase","schema_type":"Iced"},"name":"metric","type":"string","format":"%s","description":"Metric"},{"__meta":{"schema_version":-1,"schema_name":"ColumnSpecsBase","schema_type":"Iced"},"name":"threshold","type":"double","format":"%f","description":"Threshold"},{"__meta":{"schema_version":-1,"schema_name":"ColumnSpecsBase","schema_type":"Iced"},"name":"value","type":"double","format":"%f","description":"Value"},{"__meta":{"schema_version":-1,"schema_name":"ColumnSpecsBase","schema_type":"Iced"},"name":"idx","type":"long","format":"%d","description":"idx"}],"rowcount":18,"data":[["max f1","max f2","max f0point5","max accuracy","max precision","max recall","max specificity","max absolute_mcc","max min_per_class_accuracy","max mean_per_class_accuracy","max tns","max fns","max fps","max tps","max tnr","max fnr","max fpr","max tpr"],[0.6249716711385335,0.6249716711385335,0.8529236362105834,0.6249716711385335,0.9991312954668227,0.6249716711385335,0.9991312954668227,0.6249716711385335,0.7855810921847604,0.8529236362105834,0.9991312954668227,0.9991312954668227,0.09692964124640892,0.6249716711385335,0.9991312954668227,0.9991312954668227,0.09692964124640892,0.6249716711385335],[0.9770992366412213,0.9907120743034054,0.9797297297297297,0.961038961038961,1.0,1.0,1.0,0.8571975270958511,0.9230769230769231,0.953125,13.0,63.0,13.0,64.0,1.0,0.984375,1.0,1.0],[30,30,28,30,0,30,0,30,29,28,0,0,34,30,0,0,34,30]]},"gains_lift_table":{"__meta":{"schema_version":3,"schema_name":"TwoDimTableV3","schema_type":"TwoDimTable"},"name":"Gains/Lift Table","description":"Avg response rate: 83,12 %, avg score: 83,05 %","columns":[{"__meta":{"schema_version":-1,"schema_name":"ColumnSpecsBase","schema_type":"Iced"},"name":"","type":"string","format":"%s","description":""},{"__meta":{"schema_version":-1,"schema_name":"ColumnSpecsBase","schema_type":"Iced"},"name":"group","type":"int","format":"%d","description":"Group"},{"__meta":{"schema_version":-1,"schema_name":"ColumnSpecsBase","schema_type":"Iced"},"name":"cumulative_data_fraction","type":"double","format":"%.8f","description":"Cumulative Data Fraction"},{"__meta":{"schema_version":-1,"schema_name":"ColumnSpecsBase","schema_type":"Iced"},"name":"lower_threshold","type":"double","format":"%5f","description":"Lower Threshold"},{"__meta":{"schema_version":-1,"schema_name":"ColumnSpecsBase","schema_type":"Iced"},"name":"lift","type":"double","format":"%5f","description":"Lift"},{"__meta":{"schema_version":-1,"schema_name":"ColumnSpecsBase","schema_type":"Iced"},"name":"cumulative_lift","type":"double","format":"%5f","description":"Cumulative Lift"},{"__meta":{"schema_version":-1,"schema_name":"ColumnSpecsBase","schema_type":"Iced"},"name":"response_rate","type":"double","format":"%5f","description":"Response Rate"},{"__meta":{"schema_version":-1,"schema_name":"ColumnSpecsBase","schema_type":"Iced"},"name":"score","type":"double","format":"%5f","description":"Score"},{"__meta":{"schema_version":-1,"schema_name":"ColumnSpecsBase","schema_type":"Iced"},"name":"cumulative_response_rate","type":"double","format":"%5f","description":"Cumulative Response Rate"},{"__meta":{"schema_version":-1,"schema_name":"ColumnSpecsBase","schema_type":"Iced"},"name":"cumulative_score","type":"double","format":"%5f","description":"Cumulative Score"},{"__meta":{"schema_version":-1,"schema_name":"ColumnSpecsBase","schema_type":"Iced"},"name":"capture_rate","type":"double","format":"%5f","description":"Capture Rate"},{"__meta":{"schema_version":-1,"schema_name":"ColumnSpecsBase","schema_type":"Iced"},"name":"cumulative_capture_rate","type":"double","format":"%5f","description":"Cumulative Capture Rate"},{"__meta":{"schema_version":-1,"schema_name":"ColumnSpecsBase","schema_type":"Iced"},"name":"gain","type":"double","format":"%5f","description":"Gain"},{"__meta":{"schema_version":-1,"schema_name":"ColumnSpecsBase","schema_type":"Iced"},"name":"cumulative_gain","type":"double","format":"%5f","description":"Cumulative Gain"}],"rowcount":14,"data":[["","","","","","","","","","","","","",""],[1,2,3,4,5,6,7,8,9,10,11,12,13,14],[0.012987012987012988,0.025974025974025976,0.06493506493506493,0.11688311688311688,0.15584415584415584,0.2077922077922078,0.2987012987012987,0.44155844155844154,0.5324675324675324,0.5974025974025974,0.7012987012987013,0.7922077922077922,0.961038961038961,1.0],[0.9991311092318529,0.9990142204435813,0.9989063773876782,0.9987940686601676,0.9987254375933725,0.9978609881013941,0.9961677088236274,0.9908121420498245,0.9542542314682612,0.9435202292568315,0.9043381726637811,0.657093555347779,0.11341773864110781,0.09692964124640892],[1.203125,1.203125,1.203125,1.203125,1.203125,1.203125,1.203125,1.203125,1.203125,1.203125,1.203125,1.0312499999999998,0.3701923076923077,0.0],[1.203125,1.203125,1.203125,1.203125,1.203125,1.203125,1.203125,1.203125,1.203125,1.203125,1.203125,1.1834016393442621,1.0405405405405406,1.0],[1.0,1.0,1.0,1.0,1.0,1.0,1.0,1.0,1.0,1.0,1.0,0.8571428571428571,0.3076923076923077,0.0],[0.9991312954668227,0.9991310504208097,0.9989063773876782,0.9988500688129651,0.99872562333726,0.9983522173045459,0.9970982709767188,0.9930075899825913,0.9686399231813464,0.9519100092839029,0.9327842772807202,0.826247218100359,0.3815052934755891,0.10723089222513583],[1.0,1.0,1.0,1.0,1.0,1.0,1.0,1.0,1.0,1.0,1.0,0.9836065573770492,0.8648648648648649,0.8311688311688312],[0.9991312954668227,0.9991311729438161,0.9989962956101334,0.998931305922503,0.9988798852761923,0.9987479682832807,0.9982458864943271,0.9965511435052361,0.9917858132060354,0.9874514866927602,0.9793526408539394,0.9617831661117252,0.8598424587567284,0.8305199301905624],[0.015625,0.015625,0.046875,0.0625,0.046875,0.0625,0.109375,0.171875,0.109375,0.078125,0.125,0.09375,0.0625,0.0],[0.015625,0.03125,0.078125,0.140625,0.1875,0.25,0.359375,0.53125,0.640625,0.71875,0.84375,0.9375,1.0,1.0],[20.3125,20.3125,20.3125,20.3125,20.3125,20.3125,20.3125,20.3125,20.3125,20.3125,20.3125,3.124999999999978,-62.980769230769226,-100.0],[20.3125,20.3125,20.3125,20.3125,20.3125,20.3125,20.3125,20.3125,20.3125,20.3125,20.3125,18.34016393442621,4.054054054054057,0.0]]}},"validation_metrics":null,"cross_validation_metrics":null,"cross_validation_metrics_summary":null,"status":null,"start_time":1584560631169,"end_time":1584560631863,"run_time":694,"help":{"validation_metrics":"Validation data model metrics", "cross_validation_metrics_summary":"Cross-validation model metrics summary", "start_time":"Start time in milliseconds", "run_time":"Runtime in milliseconds", "status":"Job status", "domains":"Domains for categorical columns", "model_category":"Category of the model (e.g., Binomial)", "__meta":"Metadata on this schema instance, to make it self-describing.", "variable_importances":"Variable Importances", "model_summary":"Model summary", "scoring_history":"Scoring history", "help":"Help information for output fields", "end_time":"End time in milliseconds", "names":"Column names", "column_types":"Column types", "original_names":"Original column names", "cross_validation_fold_assignment_frame_id":"Cross-validation fold assignment (each row is assigned to one holdout fold)", "training_metrics":"Training data model metrics", "cross_validation_models":"Cross-validation models (model ids)", "cross_validation_metrics":"Cross-validation model metrics", "cross_validation_predictions":"Cross-validation predictions, one per cv model (deprecated, use cross_validation_holdout_predictions_frame_id instead)", "init_f":"The Intercept term, the initial model function value to which trees make adjustments", "cross_validation_holdout_predictions_frame_id":"Cross-validation holdout predictions (full out-of-sample predictions on training data)"},"variable_importances":{"__meta":{"schema_version":3,"schema_name":"TwoDimTableV3","schema_type":"TwoDimTable"},"name":"Variable Importances","description":"","columns":[{"__meta":{"schema_version":-1,"schema_name":"ColumnSpecsBase","schema_type":"Iced"},"name":"variable","type":"string","format":"%s","description":"Variable"},{"__meta":{"schema_version":-1,"schema_name":"ColumnSpecsBase","schema_type":"Iced"},"name":"relative_importance","type":"double","format":"%5f","description":"Relative Importance"},{"__meta":{"schema_version":-1,"schema_name":"ColumnSpecsBase","schema_type":"Iced"},"name":"scaled_importance","type":"double","format":"%5f","description":"Scaled Importance"},{"__meta":{"schema_version":-1,"schema_name":"ColumnSpecsBase","schema_type":"Iced"},"name":"percentage","type":"double","format":"%5f","description":"Percentage"}],"rowcount":3,"data":[["protein","mfr","calories"],[26.57412338256836,4.991168022155762,4.1064372062683105],[1.0,0.1878206084280388,0.15452766389133202],[0.7449631519785505,0.13991943246108088,0.11511741556036872]]},"init_f":1.5939337258981356},"compatible_frames":null}
